<?xml version="1.0" encoding="UTF-8" standalone="no"?>
<properties>
<Edit>true</Edit>
<Files>true</Files>
<Help>Tests for Slim fixtures</Help>
<Properties>true</Properties>
<RecentChanges>true</RecentChanges>
<Refactor>true</Refactor>
<Search>true</Search>
<Suite>true</Suite>
<SymbolicLinks>
<MockXmlServerTest>.HsacExamples.SlimTests.MockXmlServerTest</MockXmlServerTest>
<SuiteSetUp>.HsacExamples.SlimTests.SuiteSetUp</SuiteSetUp>
<UtilityFixtures>.HsacExamples.SlimTests.UtilityFixtures</UtilityFixtures>
</SymbolicLinks>
<Versions>true</Versions>
<WhereUsed>true</WhereUsed>
</properties>
